{
    "mean": -5.839099884033203,
    "std": 2.497277875918253
}