{
    "mean": -5.247439861297607,
    "std": 2.3455860321524162
}